{
    "dependencies": {
        "options": {
            "maxOpenFiles": 50,
            "defaultRepositoryUrl": "http://sd-5e1d-64bd.nam.nsroot.net:8081/nexus/content/repositories/ansmodules/com/citi/144564/cbol/ag/{name}/{version}/{name}-{version}.zip",
            "containerProjectPath": "C:\\dev\\workspace\\temp"
        },
        "list": {
            "angular-nexus-uiux": {
                "version": "4.0.18-RELEASE",
                "repositoryUrl": "http://swdclinx2.nam.nsroot.net:8081/nexus/content/repositories/releases/com/citi/169073/ccp/rel/{name}/{version}/{name}-{version}.zip"
            },
            "uicomponent": {
                "version": "1.2.27-LATEST",
                "repositoryUrl": "http://swdclinx2.nam.nsroot.net:8081/nexus/content/repositories/releases/com/citi/144564/cbol/ag/{name}/{version}/{name}-{version}.zip"
            },
            "angular-container-common": {
                "version": "1.0.3",
                "repositoryUrl": "http://swdclinx2.nam.nsroot.net:8081/nexus/content/repositories/releases/com/citi/144564/cbol/ag/{name}/{version}/{name}-{version}.zip"
            }
        }
    }
}