{
    "statementContent": {
        "pageTitle": "Account Statements Citibank",
        "stmtSectionTitle": "Account Statements",
        "stmtHeaderTitle": "Statements and Communications Center",
        "stmtDownloadTxt": "Download up to the last 12 months of statements here.",
		"popupBlockerTxt": "If nothing happens when you download a statement, check your browser settings to see if a pop up blocker is on, and allow citi.com to display pop ups.",
        "stmtDisclaimer": "Privacy Warning: We don't recommend you download private account communications to a public or shared computer. Even if you delete the file, it still may be saved to the computer's cache.",
        "acctIneligibleMsg": "You don't have permission to see statements for the following:",
        "acctDropDownADALabel": "Account:",
        "olderStmtSectionTitle": "Request Older Statements",
        "requestPerDayTxt": "You can only have up to 12 outstanding statement requests. As you start receiving your statements, you'll be able to request more.",
        "requestOlderStmtBtnTxt": "Request Older Statements",
        "requestTableTitle": "Your requests",
        "removeRequestBtnTxt": "Remove",
        "yearDropdownADALabel": "Year:",
        "monthDropdownADALabel": "Month:",
        "addRequestBtnTxt": "Add another",
        "requestCountExceededMsg": "You've requested the maximum number of statements. Click Request to continue.",
        "duplicateRequestMsg": "You've already added your statement for",
        "cancelRequestBtnTxt": "Cancel",
        "requestBtnTxt": "Request",
        "criticalAlertMsg": "We're sorry.",
        "defaultErrorMsg": "There was a problem. Please try again."
    },
    "leftNavList": [
        {
            "title": "Account Statements",
            "href": "/US/ag/statements?accountInstanceId=1001",
            "hasChildren": false,
            "leftNavMenuList": null
        },
        {
            "title": "ECommunications",
            "href": "/US/NCSC/doccenter/flow.action?TTC=1078",
            "hasChildren": false,
            "leftNavMenuList": null
        }
    ],
    "accountInstanceId": "1001",
    "eligibleCustomerAccounts": [
        {
            "instanceID": "1001",
            "legalCardName": "Citi ThankYou<sup><span class='smalltext'>®</span></sup> Preferred Card – 1001"
        },
        {
            "instanceID": "2002",
            "legalCardName": "Citi Simplicity<sup><span class='smalltext'>®</span></sup> Card – 2002"
        },
        {
            "instanceID": "3003",
            "legalCardName": "Citi<sup><span class='smalltext'>®</span></sup> Double Cash Card – 3003"
        }
    ],
    "inEligibleCustomerAccounts": [
        {
            "instanceID": "4004",
            "legalCardName": "Costco Anywhere Visa<sup><span class='smalltext'>®</span></sup> Card by Citi - 4004"
        }
    ],
    "statementByYear": [
        {
            "yearTitle": "2017 Statements",
            "statementDateDetails": [
                {
                    "displayDate": "June 15",
                    "actualDate": "06/15/2017",
                    "statusIndicator": null,
                    "cardName": null,
                    "statusText": null,
                    "pdfIconADALabel": "PDF (opens in a new window)"
                },
                {
                    "displayDate": "May 15",
                    "actualDate": "05/15/2017",
                    "statusIndicator": null,
                    "cardName": null,
                    "statusText": null,
                    "pdfIconADALabel": "PDF (opens in a new window)"
                },
                {
                    "displayDate": "April 15",
                    "actualDate": "04/15/2017",
                    "statusIndicator": null,
                    "cardName": null,
                    "statusText": null,
                    "pdfIconADALabel": "PDF (opens in a new window)"
                },
                {
                    "displayDate": "March 15",
                    "actualDate": "03/15/2017",
                    "statusIndicator": null,
                    "cardName": null,
                    "statusText": null,
                    "pdfIconADALabel": "PDF (opens in a new window)"
                },
                {
                    "displayDate": "February 15",
                    "actualDate": "02/15/2017",
                    "statusIndicator": null,
                    "cardName": null,
                    "statusText": null,
                    "pdfIconADALabel": "PDF (opens in a new window)"
                },
                {
                    "displayDate": "January 15",
                    "actualDate": "01/15/2017",
                    "statusIndicator": null,
                    "cardName": null,
                    "statusText": null,
                    "pdfIconADALabel": "PDF (opens in a new window)"
                }
            ],
            "aasEligible": true,
            "formattedAASMsg": null,
            "aasLink": {
                "linkLabel": "2016 Annual Account Summary",
                "linkURL": null
            },
            "statementDescText": "All dates are statement ending dates.",
            "statementsNotAvailableMsg": null
        },
        {
            "yearTitle": "2016 Statements",
            "statementDateDetails": [
                {
                    "displayDate": "December 15",
                    "actualDate": "12/15/2016",
                    "statusIndicator": null,
                    "cardName": null,
                    "statusText": null,
                    "pdfIconADALabel": "PDF (opens in a new window)"
                },
                {
                    "displayDate": "November 15",
                    "actualDate": "11/15/2016",
                    "statusIndicator": null,
                    "cardName": null,
                    "statusText": null,
                    "pdfIconADALabel": "PDF (opens in a new window)"
                },
                {
                    "displayDate": "October 15",
                    "actualDate": "10/15/2016",
                    "statusIndicator": null,
                    "cardName": null,
                    "statusText": null,
                    "pdfIconADALabel": "PDF (opens in a new window)"
                },
                {
                    "displayDate": "September 15",
                    "actualDate": "09/15/2016",
                    "statusIndicator": null,
                    "cardName": null,
                    "statusText": null,
                    "pdfIconADALabel": "PDF (opens in a new window)"
                },
                {
                    "displayDate": "August 15",
                    "actualDate": "08/15/2016",
                    "statusIndicator": null,
                    "cardName": null,
                    "statusText": null,
                    "pdfIconADALabel": "PDF (opens in a new window)"
                },
                {
                    "displayDate": "July 15",
                    "actualDate": "07/15/2016",
                    "statusIndicator": null,
                    "cardName": null,
                    "statusText": null,
                    "pdfIconADALabel": "PDF (opens in a new window)"
                }
            ],
            "aasEligible": false,
            "formattedAASMsg": null,
            "aasLink": null,
            "statementDescText": "All dates are statement ending dates.",
            "statementsNotAvailableMsg": null
        }
    ],
    "olderStatementDetails": {
        "olderStatementDynamicContent": {
            "requestAvailabilityMsg": "Statements will be ready 24-48 hours after your request, and they're available for 30 days after that. Once you request 12 statements, you won't be able to request more until some of your statements become available.",
            "requestedCountExceededMsg": "Looks like you've got 12 outstanding statement requests. As you start receiving your statements, you'll be able to request more.",
            "requestProcessingStatusMsg": "Your requested statements are ready.",
            "accountName": "Citi ThankYou<sup><span class='smalltext'>®</span></sup> Preferred Card – 1001",
            "requestDatingBackTxt": "Up to June, 2013"
        },
        "totalRequestAllowed": 12,
        "currentRequestCount": 10,
        "requestTableHeaders": [
            {
                "columnHeader": "Statement"
            },
            {
                "columnHeader": "Status"
            }
        ],
        "requestTableData": [
            {
                "displayDate": "January, 2015",
                "actualDate": "201501",
                "statusIndicator": "P",
                "cardName": null,
                "statusText": "Retrieving (takes 24-48 hours)",
                "pdfIconADALabel": "PDF (opens in a new window)"
            },
            {
                "displayDate": "March, 2015",
                "actualDate": "201503",
                "statusIndicator": "P",
                "cardName": null,
                "statusText": "Retrieving (takes 24-48 hours)",
                "pdfIconADALabel": "PDF (opens in a new window)"
            },
            {
                "displayDate": "May, 2015",
                "actualDate": "201505",
                "statusIndicator": "P",
                "cardName": null,
                "statusText": "Retrieving (takes 24-48 hours)",
                "pdfIconADALabel": "PDF (opens in a new window)"
            },
            {
                "displayDate": "July, 2015",
                "actualDate": "201507",
                "statusIndicator": "P",
                "cardName": null,
                "statusText": "Retrieving (takes 24-48 hours)",
                "pdfIconADALabel": "PDF (opens in a new window)"
            },
            {
                "displayDate": "September, 2015",
                "actualDate": "201509",
                "statusIndicator": "P",
                "cardName": null,
                "statusText": "Retrieving (takes 24-48 hours)",
                "pdfIconADALabel": "PDF (opens in a new window)"
            },
            {
                "displayDate": "January, 2014",
                "actualDate": "201401",
                "statusIndicator": "P",
                "cardName": null,
                "statusText": "Retrieving (takes 24-48 hours)",
                "pdfIconADALabel": "PDF (opens in a new window)"
            },
            {
                "displayDate": "March, 2014",
                "actualDate": "201403",
                "statusIndicator": "P",
                "cardName": null,
                "statusText": "Retrieving (takes 24-48 hours)",
                "pdfIconADALabel": "PDF (opens in a new window)"
            },
            {
                "displayDate": "May, 2014",
                "actualDate": "201405",
                "statusIndicator": "P",
                "cardName": null,
                "statusText": "Retrieving (takes 24-48 hours)",
                "pdfIconADALabel": "PDF (opens in a new window)"
            },
            {
                "displayDate": "July, 2014",
                "actualDate": "201407",
                "statusIndicator": "P",
                "cardName": null,
                "statusText": "Retrieving (takes 24-48 hours)",
                "pdfIconADALabel": "PDF (opens in a new window)"
            },
            {
                "displayDate": "September, 2014",
                "actualDate": "201409",
                "statusIndicator": "P",
                "cardName": null,
                "statusText": "Retrieving (takes 24-48 hours)",
                "pdfIconADALabel": "PDF (opens in a new window)"
            },
            {
                "displayDate": "January, 2013",
                "actualDate": "201301",
                "statusIndicator": "F",
                "cardName": null,
                "statusText": "Available until July 1, 2017",
                "pdfIconADALabel": "PDF (opens in a new window)"
            },
            {
                "displayDate": "March, 2013",
                "actualDate": "201303",
                "statusIndicator": "F",
                "cardName": null,
                "statusText": "Available until July 1, 2017",
                "pdfIconADALabel": "PDF (opens in a new window)"
            }
        ],
        "requestYearList": [
            {
                "displayYear": "Year",
                "requestMonthList": [
                    {
                        "displayMonth": "Month",
                        "selected": true
                    }
                ],
                "selected": true
            },
            {
                "actualYear": "2016",
                "displayYear": "2016",
                "requestMonthList": [
                    {
                        "actualMonth": "201601",
                        "displayMonth": "January",
                        "formattedPeriod": "January, 2016"
                    },
                    {
                        "actualMonth": "201602",
                        "displayMonth": "February",
                        "formattedPeriod": "February, 2016"
                    },
                    {
                        "actualMonth": "201603",
                        "displayMonth": "March",
                        "formattedPeriod": "March, 2016"
                    },
                    {
                        "actualMonth": "201604",
                        "displayMonth": "April",
                        "formattedPeriod": "April, 2016"
                    },
                    {
                        "actualMonth": "201605",
                        "displayMonth": "May",
                        "formattedPeriod": "May, 2016"
                    },
                    {
                        "actualMonth": "201606",
                        "displayMonth": "June",
                        "formattedPeriod": "June, 2016"
                    }
                ]
            },
            {
                "actualYear": "2015",
                "displayYear": "2015",
                "requestMonthList": [
                    {
                        "actualMonth": "201501",
                        "displayMonth": "January",
                        "formattedPeriod": "January, 2015"
                    },
                    {
                        "actualMonth": "201502",
                        "displayMonth": "February",
                        "formattedPeriod": "February, 2015"
                    },
                    {
                        "actualMonth": "201503",
                        "displayMonth": "March",
                        "formattedPeriod": "March, 2015"
                    },
                    {
                        "actualMonth": "201504",
                        "displayMonth": "April",
                        "formattedPeriod": "April, 2015"
                    },
                    {
                        "actualMonth": "201505",
                        "displayMonth": "May",
                        "formattedPeriod": "May, 2015"
                    },
                    {
                        "actualMonth": "201506",
                        "displayMonth": "June",
                        "formattedPeriod": "June, 2015"
                    },
                    {
                        "actualMonth": "201507",
                        "displayMonth": "July",
                        "formattedPeriod": "July, 2015"
                    },
                    {
                        "actualMonth": "201508",
                        "displayMonth": "August",
                        "formattedPeriod": "August, 2015"
                    },
                    {
                        "actualMonth": "201509",
                        "displayMonth": "September",
                        "formattedPeriod": "September, 2015"
                    },
                    {
                        "actualMonth": "201510",
                        "displayMonth": "October",
                        "formattedPeriod": "October, 2015"
                    },
                    {
                        "actualMonth": "201511",
                        "displayMonth": "November",
                        "formattedPeriod": "November, 2015"
                    },
                    {
                        "actualMonth": "201512",
                        "displayMonth": "December",
                        "formattedPeriod": "December, 2015"
                    }
                ]
            },
            {
                "actualYear": "2014",
                "displayYear": "2014",
                "requestMonthList": [
                    {
                        "actualMonth": "201401",
                        "displayMonth": "January",
                        "formattedPeriod": "January, 2014"
                    },
                    {
                        "actualMonth": "201402",
                        "displayMonth": "February",
                        "formattedPeriod": "February, 2014"
                    },
                    {
                        "actualMonth": "201403",
                        "displayMonth": "March",
                        "formattedPeriod": "March, 2014"
                    },
                    {
                        "actualMonth": "201404",
                        "displayMonth": "April",
                        "formattedPeriod": "April, 2014"
                    },
                    {
                        "actualMonth": "201405",
                        "displayMonth": "May",
                        "formattedPeriod": "May, 2014"
                    },
                    {
                        "actualMonth": "201406",
                        "displayMonth": "June",
                        "formattedPeriod": "June, 2014"
                    },
                    {
                        "actualMonth": "201407",
                        "displayMonth": "July",
                        "formattedPeriod": "July, 2014"
                    },
                    {
                        "actualMonth": "201408",
                        "displayMonth": "August",
                        "formattedPeriod": "August, 2014"
                    },
                    {
                        "actualMonth": "201409",
                        "displayMonth": "September",
                        "formattedPeriod": "September, 2014"
                    },
                    {
                        "actualMonth": "201410",
                        "displayMonth": "October",
                        "formattedPeriod": "October, 2014"
                    },
                    {
                        "actualMonth": "201411",
                        "displayMonth": "November",
                        "formattedPeriod": "November, 2014"
                    },
                    {
                        "actualMonth": "201412",
                        "displayMonth": "December",
                        "formattedPeriod": "December, 2014"
                    }
                ]
            },
            {
                "actualYear": "2013",
                "displayYear": "2013",
                "requestMonthList": [
                    {
                        "actualMonth": "201306",
                        "displayMonth": "June",
                        "formattedPeriod": "June, 2013"
                    },
                    {
                        "actualMonth": "201307",
                        "displayMonth": "July",
                        "formattedPeriod": "July, 2013"
                    },
                    {
                        "actualMonth": "201308",
                        "displayMonth": "August",
                        "formattedPeriod": "August, 2013"
                    },
                    {
                        "actualMonth": "201309",
                        "displayMonth": "September",
                        "formattedPeriod": "September, 2013"
                    },
                    {
                        "actualMonth": "201310",
                        "displayMonth": "October",
                        "formattedPeriod": "October, 2013"
                    },
                    {
                        "actualMonth": "201311",
                        "displayMonth": "November",
                        "formattedPeriod": "November, 2013"
                    },
                    {
                        "actualMonth": "201312",
                        "displayMonth": "December",
                        "formattedPeriod": "December, 2013"
                    }
                ]
            }
        ]
    }
}