[{ "moduleName":"Card 1",
    "productType":"Citigold",
    "productTitle":"Citigold Package",
    "featureOne": [{
        "header":"Banking and Wealth Management",
            "featureOneText": [{
                "text":"Your own dedicated team, including a Citigold Relationship Manager for your banking needs"},
                {
                "text": "In-depth financial guidance with Citi Clarity® One-on-One, Citi's proprietary financial planning process" }]
                }],
    "featureTwo": [{
        "header":"",
            "featureTwoText": [{
                "text":"something, something, witchy" }]
                }],
    "featureThree": [{
        "header":"",
            "featureThreeText": [{
                "text":"something, something, witchy" }]
                }],            
    "primaryCtaLabel":"See details",
    "primaryCtaURL":"https://online.citi.com/US/banking/checking/citi.action?ID=citigold"
},
{ "moduleName":"Card 2",
    "featuresHeader":"Card Features",
    "featuresSubtitle":"a comparison of cards",
    "panelOneTitle":"AAdvantage",
    "panelOneContent": [{
        "title":"APR",
        "text":"24% variable",
        "secondaryCtaLabel":"See more",
        "secondaryCtaURL":"/see-more"
    }],
    "panelTwoTitle":"AAdvantage",
    "panelTwoContent": [{
        "title":"APR",
        "text":"24% variable",
        "secondaryCtaLabel":"See more",
        "secondaryCtaURL":"/see-more"
    }],
    "primaryCtaLabel":"Apply",
    "primaryCtaURL":"/apply-for-card"    
},
{
 "moduleName":"Card 3",
    "featuresHeader":"Card Features",
    "featuresSubtitle":"a comparison of cards",
    "panelOneTitle":"AAdvantage",
    "panelOne": [{
        "title":"APR",
        "text":"24 variable%",
        "secondaryCtaLabel":"See more",
        "secondaryCtaURL":"/see-more"
  }]
}]
