{
            "copy$$SessionTimeOut": {
                "GROUP_TYPE": "Container",
                "SET_NOTIFICATION": "N",
                "localPageName": "Sign On Help - Bank Reset Password",
                "TimeOut": "Due to inactivity your session will expire in : ",
                "Minutes" : "minutes",
                "Seconds" : "seconds",
                "Action": "If additional time is required please click \"Continue Session\". To allow the session to end click \"End\"",
                "PrimaryButtonText": "Continue",
                "CancelButtonText": "End"
            }
}