<?xml version="1.0" encoding="UTF-8"?>

<mule xmlns:objectstore="http://www.mulesoft.org/schema/mule/objectstore" xmlns:dw="http://www.mulesoft.org/schema/mule/ee/dw" xmlns:http="http://www.mulesoft.org/schema/mule/http" xmlns:ee="http://www.mulesoft.org/schema/mule/ee/core" xmlns:quartz="http://www.mulesoft.org/schema/mule/quartz" xmlns="http://www.mulesoft.org/schema/mule/core" xmlns:doc="http://www.mulesoft.org/schema/mule/documentation"
	xmlns:spring="http://www.springframework.org/schema/beans" 
	xmlns:xsi="http://www.w3.org/2001/XMLSchema-instance"
	xsi:schemaLocation="http://www.springframework.org/schema/beans http://www.springframework.org/schema/beans/spring-beans-current.xsd
http://www.mulesoft.org/schema/mule/core http://www.mulesoft.org/schema/mule/core/current/mule.xsd
http://www.mulesoft.org/schema/mule/quartz http://www.mulesoft.org/schema/mule/quartz/current/mule-quartz.xsd
http://www.mulesoft.org/schema/mule/ee/core http://www.mulesoft.org/schema/mule/ee/core/current/mule-ee.xsd
http://www.mulesoft.org/schema/mule/objectstore http://www.mulesoft.org/schema/mule/objectstore/current/mule-objectstore.xsd
http://www.mulesoft.org/schema/mule/http http://www.mulesoft.org/schema/mule/http/current/mule-http.xsd
http://www.mulesoft.org/schema/mule/ee/dw http://www.mulesoft.org/schema/mule/ee/dw/current/dw.xsd">
    <spring:beans>
        <spring:bean id="myResource" class="org.apache.commons.io.IOUtils" factory-method="toString">
            <spring:constructor-arg type="java.io.InputStream" value="classpath:test.properties"/>
        </spring:bean>
    </spring:beans>
      <http:listener-config name="HTTP_Listener_Configuration" host="0.0.0.0" port="8090" basePath="test" doc:name="HTTP Listener Configuration"/>
    <http:listener-config name="HTTP_Listener_Configuration1" host="localhost" port="8081" basePath="/test" doc:name="HTTP Listener Configuration"/>
    <flow name="mule_startFlow">
        <http:listener config-ref="HTTP_Listener_Configuration1" path="/" doc:name="HTTP"/>
       <set-payload value="#[app.registry.myResource]" doc:name="Set Payload"/>
        <logger message="#[payload]" level="INFO" doc:name="Logger"/>
       
    </flow>
</mule>
