{
	"olderStatementDynamicContent": {
		"requestAvailabilityMsg": "Statements will be ready 24-48 hours after your request, and they're available for 30 days after that. Once you request 12 statements, you won't be able to request more until some of your statements become available.",
		"requestedCountExceededMsg": "Looks like you've got 12 outstanding statement requests. As you start receiving your statements, you'll be able to request more.",
		"requestProcessingStatusMsg": "All set! Check your email or this page in 24 - 48 hours to download your statements.",
		"accountName": "Citi ThankYou<sup><span class='smalltext'>®</span></sup> Preferred Card – 1001",
		"requestDatingBackTxt": "Up to June, 2013"
	},
	"totalRequestAllowed": 12,
	"currentRequestCount": 10,
	"requestTableHeaders": [
		{
			"columnHeader": "Statement"
		},
		{
			"columnHeader": "Status"
		}
	],
	"requestTableData": [
		{
			"displayDate": "January, 2015",
			"actualDate": "201501",
			"statusIndicator": "P",
			"cardName": null,
			"statusText": "Retrieving (takes 24-48 hours)",
			"pdfIconADALabel": "PDF (opens in a new window)"
		},
		{
			"displayDate": "March, 2015",
			"actualDate": "201503",
			"statusIndicator": "P",
			"cardName": null,
			"statusText": "Retrieving (takes 24-48 hours)",
			"pdfIconADALabel": "PDF (opens in a new window)"
		},
		{
			"displayDate": "May, 2015",
			"actualDate": "201505",
			"statusIndicator": "P",
			"cardName": null,
			"statusText": "Retrieving (takes 24-48 hours)",
			"pdfIconADALabel": "PDF (opens in a new window)"
		},
		{
			"displayDate": "July, 2015",
			"actualDate": "201507",
			"statusIndicator": "P",
			"cardName": null,
			"statusText": "Retrieving (takes 24-48 hours)",
			"pdfIconADALabel": "PDF (opens in a new window)"
		},
		{
			"displayDate": "September, 2015",
			"actualDate": "201509",
			"statusIndicator": "P",
			"cardName": null,
			"statusText": "Retrieving (takes 24-48 hours)",
			"pdfIconADALabel": "PDF (opens in a new window)"
		},
		{
			"displayDate": "January, 2014",
			"actualDate": "201401",
			"statusIndicator": "P",
			"cardName": null,
			"statusText": "Retrieving (takes 24-48 hours)",
			"pdfIconADALabel": "PDF (opens in a new window)"
		},
		{
			"displayDate": "March, 2014",
			"actualDate": "201403",
			"statusIndicator": "P",
			"cardName": null,
			"statusText": "Retrieving (takes 24-48 hours)",
			"pdfIconADALabel": "PDF (opens in a new window)"
		},
		{
			"displayDate": "May, 2014",
			"actualDate": "201405",
			"statusIndicator": "P",
			"cardName": null,
			"statusText": "Retrieving (takes 24-48 hours)",
			"pdfIconADALabel": "PDF (opens in a new window)"
		},
		{
			"displayDate": "July, 2014",
			"actualDate": "201407",
			"statusIndicator": "P",
			"cardName": null,
			"statusText": "Retrieving (takes 24-48 hours)",
			"pdfIconADALabel": "PDF (opens in a new window)"
		},
		{
			"displayDate": "September, 2014",
			"actualDate": "201409",
			"statusIndicator": "P",
			"cardName": null,
			"statusText": "Retrieving (takes 24-48 hours)",
			"pdfIconADALabel": "PDF (opens in a new window)"
		},
		{
			"displayDate": "January, 2013",
			"actualDate": "201301",
			"statusIndicator": "F",
			"cardName": null,
			"statusText": "Available until July 1, 2017",
			"pdfIconADALabel": "PDF (opens in a new window)"
		},
		{
			"displayDate": "March, 2013",
			"actualDate": "201303",
			"statusIndicator": "F",
			"cardName": null,
			"statusText": "Available until July 1, 2017",
			"pdfIconADALabel": "PDF (opens in a new window)"
		}
	],
	"requestYearList": [
		{
			"displayYear": "Year",
			"requestMonthList": [
				{
					"displayMonth": "Month",
					"selected": true
				}
			],
			"selected": true
		},
		{
			"actualYear": "2016",
			"displayYear": "2016",
			"requestMonthList": [
				{
					"actualMonth": "201601",
					"displayMonth": "January",
					"formattedPeriod": "January, 2016"
				},
				{
					"actualMonth": "201602",
					"displayMonth": "February",
					"formattedPeriod": "February, 2016"
				},
				{
					"actualMonth": "201603",
					"displayMonth": "March",
					"formattedPeriod": "March, 2016"
				},
				{
					"actualMonth": "201604",
					"displayMonth": "April",
					"formattedPeriod": "April, 2016"
				},
				{
					"actualMonth": "201605",
					"displayMonth": "May",
					"formattedPeriod": "May, 2016"
				},
				{
					"actualMonth": "201606",
					"displayMonth": "June",
					"formattedPeriod": "June, 2016"
				}
			]
		},
		{
			"actualYear": "2015",
			"displayYear": "2015",
			"requestMonthList": [
				{
					"actualMonth": "201501",
					"displayMonth": "January",
					"formattedPeriod": "January, 2015"
				},
				{
					"actualMonth": "201502",
					"displayMonth": "February",
					"formattedPeriod": "February, 2015"
				},
				{
					"actualMonth": "201503",
					"displayMonth": "March",
					"formattedPeriod": "March, 2015"
				},
				{
					"actualMonth": "201504",
					"displayMonth": "April",
					"formattedPeriod": "April, 2015"
				},
				{
					"actualMonth": "201505",
					"displayMonth": "May",
					"formattedPeriod": "May, 2015"
				},
				{
					"actualMonth": "201506",
					"displayMonth": "June",
					"formattedPeriod": "June, 2015"
				},
				{
					"actualMonth": "201507",
					"displayMonth": "July",
					"formattedPeriod": "July, 2015"
				},
				{
					"actualMonth": "201508",
					"displayMonth": "August",
					"formattedPeriod": "August, 2015"
				},
				{
					"actualMonth": "201509",
					"displayMonth": "September",
					"formattedPeriod": "September, 2015"
				},
				{
					"actualMonth": "201510",
					"displayMonth": "October",
					"formattedPeriod": "October, 2015"
				},
				{
					"actualMonth": "201511",
					"displayMonth": "November",
					"formattedPeriod": "November, 2015"
				},
				{
					"actualMonth": "201512",
					"displayMonth": "December",
					"formattedPeriod": "December, 2015"
				}
			]
		},
		{
			"actualYear": "2014",
			"displayYear": "2014",
			"requestMonthList": [
				{
					"actualMonth": "201401",
					"displayMonth": "January",
					"formattedPeriod": "January, 2014"
				},
				{
					"actualMonth": "201402",
					"displayMonth": "February",
					"formattedPeriod": "February, 2014"
				},
				{
					"actualMonth": "201403",
					"displayMonth": "March",
					"formattedPeriod": "March, 2014"
				},
				{
					"actualMonth": "201404",
					"displayMonth": "April",
					"formattedPeriod": "April, 2014"
				},
				{
					"actualMonth": "201405",
					"displayMonth": "May",
					"formattedPeriod": "May, 2014"
				},
				{
					"actualMonth": "201406",
					"displayMonth": "June",
					"formattedPeriod": "June, 2014"
				},
				{
					"actualMonth": "201407",
					"displayMonth": "July",
					"formattedPeriod": "July, 2014"
				},
				{
					"actualMonth": "201408",
					"displayMonth": "August",
					"formattedPeriod": "August, 2014"
				},
				{
					"actualMonth": "201409",
					"displayMonth": "September",
					"formattedPeriod": "September, 2014"
				},
				{
					"actualMonth": "201410",
					"displayMonth": "October",
					"formattedPeriod": "October, 2014"
				},
				{
					"actualMonth": "201411",
					"displayMonth": "November",
					"formattedPeriod": "November, 2014"
				},
				{
					"actualMonth": "201412",
					"displayMonth": "December",
					"formattedPeriod": "December, 2014"
				}
			]
		},
		{
			"actualYear": "2013",
			"displayYear": "2013",
			"requestMonthList": [
				{
					"actualMonth": "201306",
					"displayMonth": "June",
					"formattedPeriod": "June, 2013"
				},
				{
					"actualMonth": "201307",
					"displayMonth": "July",
					"formattedPeriod": "July, 2013"
				},
				{
					"actualMonth": "201308",
					"displayMonth": "August",
					"formattedPeriod": "August, 2013"
				},
				{
					"actualMonth": "201309",
					"displayMonth": "September",
					"formattedPeriod": "September, 2013"
				},
				{
					"actualMonth": "201310",
					"displayMonth": "October",
					"formattedPeriod": "October, 2013"
				},
				{
					"actualMonth": "201311",
					"displayMonth": "November",
					"formattedPeriod": "November, 2013"
				},
				{
					"actualMonth": "201312",
					"displayMonth": "December",
					"formattedPeriod": "December, 2013"
				}
			]
		}
	]
}